article,date,views
H3_Podcast,2025-04-01,235
H3_Podcast,2025-04-02,217
H3_Podcast,2025-04-03,272
H3_Podcast,2025-04-04,345
H3_Podcast,2025-04-05,286
H3_Podcast,2025-04-06,236
H3_Podcast,2025-04-07,194
H3_Podcast,2025-04-08,236
H3_Podcast,2025-04-09,270
H3_Podcast,2025-04-10,248
H3_Podcast,2025-04-11,256
H3_Podcast,2025-04-12,255
H3_Podcast,2025-04-13,202
H3_Podcast,2025-04-14,212
H3_Podcast,2025-04-15,269
H3_Podcast,2025-04-16,671
H3_Podcast,2025-04-17,2288
H3_Podcast,2025-04-18,1209
H3_Podcast,2025-04-19,903
H3_Podcast,2025-04-20,771
H3_Podcast,2025-04-21,843
H3_Podcast,2025-04-22,883
H3_Podcast,2025-04-23,538
H3_Podcast,2025-04-24,453
H3_Podcast,2025-04-25,392
H3_Podcast,2025-04-26,262
H3_Podcast,2025-04-27,309
H3_Podcast,2025-04-28,352
H3_Podcast,2025-04-29,376
H3_Podcast,2025-04-30,427
H3_Podcast,2025-05-01,702
H3_Podcast,2025-05-02,969
H3_Podcast,2025-05-03,2009
H3_Podcast,2025-05-04,1522
H3_Podcast,2025-05-05,943
H3_Podcast,2025-05-06,751
H3_Podcast,2025-05-07,618
H3_Podcast,2025-05-08,516
H3_Podcast,2025-05-09,425
H3_Podcast,2025-05-10,364
H3_Podcast,2025-05-11,318
H3_Podcast,2025-05-12,319
H3_Podcast,2025-05-13,380
H3_Podcast,2025-05-14,299
H3_Podcast,2025-05-15,259
H3_Podcast,2025-05-16,333
H3_Podcast,2025-05-17,220
H3_Podcast,2025-05-18,208
H3_Podcast,2025-05-19,315
H3_Podcast,2025-05-20,241
H3_Podcast,2025-05-21,202
H3_Podcast,2025-05-22,182
H3_Podcast,2025-05-23,190
H3_Podcast,2025-05-24,213
H3_Podcast,2025-05-25,221
H3_Podcast,2025-05-26,249
H3_Podcast,2025-05-27,261
H3_Podcast,2025-05-28,278
H3_Podcast,2025-05-29,355
H3_Podcast,2025-05-30,296
H3_Podcast,2025-05-31,329
H3_Podcast,2025-06-01,282
H3_Podcast,2025-06-02,300
H3_Podcast,2025-06-03,273
H3_Podcast,2025-06-04,303
H3_Podcast,2025-06-05,423
H3_Podcast,2025-06-06,357
H3_Podcast,2025-06-07,208
H3_Podcast,2025-06-08,166
H3_Podcast,2025-06-09,347
H3_Podcast,2025-06-10,236
H3_Podcast,2025-06-11,266
H3_Podcast,2025-06-12,208
H3_Podcast,2025-06-13,216
H3_Podcast,2025-06-14,201
H3_Podcast,2025-06-15,188
H3_Podcast,2025-06-16,217
H3_Podcast,2025-06-17,219
H3_Podcast,2025-06-18,219
H3_Podcast,2025-06-19,322
H3_Podcast,2025-06-20,526
H3_Podcast,2025-06-21,367
H3_Podcast,2025-06-22,280
H3_Podcast,2025-06-23,410
H3_Podcast,2025-06-24,507
H3_Podcast,2025-06-25,360
H3_Podcast,2025-06-26,336
H3_Podcast,2025-06-27,354
H3_Podcast,2025-06-28,234
H3_Podcast,2025-06-29,234
H3_Podcast,2025-06-30,242
H3h3Productions,2025-04-01,423
H3h3Productions,2025-04-02,393
H3h3Productions,2025-04-03,605
H3h3Productions,2025-04-04,669
H3h3Productions,2025-04-05,609
H3h3Productions,2025-04-06,459
H3h3Productions,2025-04-07,432
H3h3Productions,2025-04-08,421
H3h3Productions,2025-04-09,376
H3h3Productions,2025-04-10,422
H3h3Productions,2025-04-11,660
H3h3Productions,2025-04-12,1333
H3h3Productions,2025-04-13,718
H3h3Productions,2025-04-14,576
H3h3Productions,2025-04-15,517
H3h3Productions,2025-04-16,1847
H3h3Productions,2025-04-17,6109
H3h3Productions,2025-04-18,3371
H3h3Productions,2025-04-19,2513
H3h3Productions,2025-04-20,2316
H3h3Productions,2025-04-21,2738
H3h3Productions,2025-04-22,2107
H3h3Productions,2025-04-23,1283
H3h3Productions,2025-04-24,986
H3h3Productions,2025-04-25,784
H3h3Productions,2025-04-26,696
H3h3Productions,2025-04-27,712
H3h3Productions,2025-04-28,727
H3h3Productions,2025-04-29,600
H3h3Productions,2025-04-30,698
H3h3Productions,2025-05-01,1171
H3h3Productions,2025-05-02,1443
H3h3Productions,2025-05-03,3827
H3h3Productions,2025-05-04,3288
H3h3Productions,2025-05-05,2092
H3h3Productions,2025-05-06,1501
H3h3Productions,2025-05-07,1209
H3h3Productions,2025-05-08,976
H3h3Productions,2025-05-09,940
H3h3Productions,2025-05-10,676
H3h3Productions,2025-05-11,656
H3h3Productions,2025-05-12,606
H3h3Productions,2025-05-13,613
H3h3Productions,2025-05-14,525
H3h3Productions,2025-05-15,569
H3h3Productions,2025-05-16,528
H3h3Productions,2025-05-17,365
H3h3Productions,2025-05-18,324
H3h3Productions,2025-05-19,350
H3h3Productions,2025-05-20,389
H3h3Productions,2025-05-21,376
H3h3Productions,2025-05-22,341
H3h3Productions,2025-05-23,387
H3h3Productions,2025-05-24,434
H3h3Productions,2025-05-25,443
H3h3Productions,2025-05-26,478
H3h3Productions,2025-05-27,461
H3h3Productions,2025-05-28,400
H3h3Productions,2025-05-29,516
H3h3Productions,2025-05-30,436
H3h3Productions,2025-05-31,585
H3h3Productions,2025-06-01,607
H3h3Productions,2025-06-02,641
H3h3Productions,2025-06-03,539
H3h3Productions,2025-06-04,373
H3h3Productions,2025-06-05,494
H3h3Productions,2025-06-06,459
H3h3Productions,2025-06-07,443
H3h3Productions,2025-06-08,360
H3h3Productions,2025-06-09,355
H3h3Productions,2025-06-10,369
H3h3Productions,2025-06-11,390
H3h3Productions,2025-06-12,366
H3h3Productions,2025-06-13,332
H3h3Productions,2025-06-14,363
H3h3Productions,2025-06-15,389
H3h3Productions,2025-06-16,355
H3h3Productions,2025-06-17,311
H3h3Productions,2025-06-18,359
H3h3Productions,2025-06-19,1216
H3h3Productions,2025-06-20,2176
H3h3Productions,2025-06-21,1335
H3h3Productions,2025-06-22,1028
H3h3Productions,2025-06-23,938
H3h3Productions,2025-06-24,1348
H3h3Productions,2025-06-25,934
H3h3Productions,2025-06-26,956
H3h3Productions,2025-06-27,921
H3h3Productions,2025-06-28,623
H3h3Productions,2025-06-29,623
H3h3Productions,2025-06-30,606
Leftovers_(podcast),2025-04-01,110
Leftovers_(podcast),2025-04-02,86
Leftovers_(podcast),2025-04-03,128
Leftovers_(podcast),2025-04-04,231
Leftovers_(podcast),2025-04-05,149
Leftovers_(podcast),2025-04-06,138
Leftovers_(podcast),2025-04-07,100
Leftovers_(podcast),2025-04-08,100
Leftovers_(podcast),2025-04-09,79
Leftovers_(podcast),2025-04-10,68
Leftovers_(podcast),2025-04-11,122
Leftovers_(podcast),2025-04-12,144
Leftovers_(podcast),2025-04-13,86
Leftovers_(podcast),2025-04-14,65
Leftovers_(podcast),2025-04-15,77
Leftovers_(podcast),2025-04-16,284
Leftovers_(podcast),2025-04-17,743
Leftovers_(podcast),2025-04-18,498
Leftovers_(podcast),2025-04-19,340
Leftovers_(podcast),2025-04-20,300
Leftovers_(podcast),2025-04-21,337
Leftovers_(podcast),2025-04-22,283
Leftovers_(podcast),2025-04-23,230
Leftovers_(podcast),2025-04-24,236
Leftovers_(podcast),2025-04-25,213
Leftovers_(podcast),2025-04-26,146
Leftovers_(podcast),2025-04-27,153
Leftovers_(podcast),2025-04-28,133
Leftovers_(podcast),2025-04-29,113
Leftovers_(podcast),2025-04-30,185
Leftovers_(podcast),2025-05-01,273
Leftovers_(podcast),2025-05-02,793
Leftovers_(podcast),2025-05-03,1942
Leftovers_(podcast),2025-05-04,1119
Leftovers_(podcast),2025-05-05,756
Leftovers_(podcast),2025-05-06,585
Leftovers_(podcast),2025-05-07,515
Leftovers_(podcast),2025-05-08,328
Leftovers_(podcast),2025-05-09,263
Leftovers_(podcast),2025-05-10,156
Leftovers_(podcast),2025-05-11,177
Leftovers_(podcast),2025-05-12,167
Leftovers_(podcast),2025-05-13,246
Leftovers_(podcast),2025-05-14,196
Leftovers_(podcast),2025-05-15,128
Leftovers_(podcast),2025-05-16,120
Leftovers_(podcast),2025-05-17,85
Leftovers_(podcast),2025-05-18,83
Leftovers_(podcast),2025-05-19,98
Leftovers_(podcast),2025-05-20,96
Leftovers_(podcast),2025-05-21,133
Leftovers_(podcast),2025-05-22,84
Leftovers_(podcast),2025-05-23,102
Leftovers_(podcast),2025-05-24,76
Leftovers_(podcast),2025-05-25,110
Leftovers_(podcast),2025-05-26,100
Leftovers_(podcast),2025-05-27,102
Leftovers_(podcast),2025-05-28,86
Leftovers_(podcast),2025-05-29,91
Leftovers_(podcast),2025-05-30,88
Leftovers_(podcast),2025-05-31,91
Leftovers_(podcast),2025-06-01,86
Leftovers_(podcast),2025-06-02,73
Leftovers_(podcast),2025-06-03,77
Leftovers_(podcast),2025-06-04,100
Leftovers_(podcast),2025-06-05,69
Leftovers_(podcast),2025-06-06,77
Leftovers_(podcast),2025-06-07,65
Leftovers_(podcast),2025-06-08,66
Leftovers_(podcast),2025-06-09,78
Leftovers_(podcast),2025-06-10,73
Leftovers_(podcast),2025-06-11,69
Leftovers_(podcast),2025-06-12,62
Leftovers_(podcast),2025-06-13,95
Leftovers_(podcast),2025-06-14,77
Leftovers_(podcast),2025-06-15,96
Leftovers_(podcast),2025-06-16,76
Leftovers_(podcast),2025-06-17,66
Leftovers_(podcast),2025-06-18,62
Leftovers_(podcast),2025-06-19,136
Leftovers_(podcast),2025-06-20,244
Leftovers_(podcast),2025-06-21,117
Leftovers_(podcast),2025-06-22,105
Leftovers_(podcast),2025-06-23,135
Leftovers_(podcast),2025-06-24,136
Leftovers_(podcast),2025-06-25,149
Leftovers_(podcast),2025-06-26,125
Leftovers_(podcast),2025-06-27,182
Leftovers_(podcast),2025-06-28,120
Leftovers_(podcast),2025-06-29,117
Leftovers_(podcast),2025-06-30,168
Teddy_Fresh,2025-04-01,142
Teddy_Fresh,2025-04-02,95
Teddy_Fresh,2025-04-03,128
Teddy_Fresh,2025-04-04,186
Teddy_Fresh,2025-04-05,142
Teddy_Fresh,2025-04-06,105
Teddy_Fresh,2025-04-07,109
Teddy_Fresh,2025-04-08,113
Teddy_Fresh,2025-04-09,114
Teddy_Fresh,2025-04-10,84
Teddy_Fresh,2025-04-11,156
Teddy_Fresh,2025-04-12,128
Teddy_Fresh,2025-04-13,121
Teddy_Fresh,2025-04-14,136
Teddy_Fresh,2025-04-15,131
Teddy_Fresh,2025-04-16,301
Teddy_Fresh,2025-04-17,905
Teddy_Fresh,2025-04-18,530
Teddy_Fresh,2025-04-19,394
Teddy_Fresh,2025-04-20,336
Teddy_Fresh,2025-04-21,420
Teddy_Fresh,2025-04-22,384
Teddy_Fresh,2025-04-23,255
Teddy_Fresh,2025-04-24,182
Teddy_Fresh,2025-04-25,178
Teddy_Fresh,2025-04-26,142
Teddy_Fresh,2025-04-27,145
Teddy_Fresh,2025-04-28,149
Teddy_Fresh,2025-04-29,120
Teddy_Fresh,2025-04-30,156
Teddy_Fresh,2025-05-01,261
Teddy_Fresh,2025-05-02,434
Teddy_Fresh,2025-05-03,955
Teddy_Fresh,2025-05-04,850
Teddy_Fresh,2025-05-05,622
Teddy_Fresh,2025-05-06,370
Teddy_Fresh,2025-05-07,336
Teddy_Fresh,2025-05-08,335
Teddy_Fresh,2025-05-09,264
Teddy_Fresh,2025-05-10,201
Teddy_Fresh,2025-05-11,158
Teddy_Fresh,2025-05-12,158
Teddy_Fresh,2025-05-13,135
Teddy_Fresh,2025-05-14,118
Teddy_Fresh,2025-05-15,128
Teddy_Fresh,2025-05-16,106
Teddy_Fresh,2025-05-17,149
Teddy_Fresh,2025-05-18,112
Teddy_Fresh,2025-05-19,96
Teddy_Fresh,2025-05-20,109
Teddy_Fresh,2025-05-21,105
Teddy_Fresh,2025-05-22,76
Teddy_Fresh,2025-05-23,141
Teddy_Fresh,2025-05-24,216
Teddy_Fresh,2025-05-25,1017
Teddy_Fresh,2025-05-26,772
Teddy_Fresh,2025-05-27,464
Teddy_Fresh,2025-05-28,471
Teddy_Fresh,2025-05-29,532
Teddy_Fresh,2025-05-30,327
Teddy_Fresh,2025-05-31,253
Teddy_Fresh,2025-06-01,215
Teddy_Fresh,2025-06-02,183
Teddy_Fresh,2025-06-03,183
Teddy_Fresh,2025-06-04,147
Teddy_Fresh,2025-06-05,116
Teddy_Fresh,2025-06-06,126
Teddy_Fresh,2025-06-07,135
Teddy_Fresh,2025-06-08,112
Teddy_Fresh,2025-06-09,179
Teddy_Fresh,2025-06-10,134
Teddy_Fresh,2025-06-11,92
Teddy_Fresh,2025-06-12,114
Teddy_Fresh,2025-06-13,103
Teddy_Fresh,2025-06-14,112
Teddy_Fresh,2025-06-15,82
Teddy_Fresh,2025-06-16,111
Teddy_Fresh,2025-06-17,93
Teddy_Fresh,2025-06-18,109
Teddy_Fresh,2025-06-19,151
Teddy_Fresh,2025-06-20,304
Teddy_Fresh,2025-06-21,191
Teddy_Fresh,2025-06-22,152
Teddy_Fresh,2025-06-23,243
Teddy_Fresh,2025-06-24,546
Teddy_Fresh,2025-06-25,500
Teddy_Fresh,2025-06-26,405
Teddy_Fresh,2025-06-27,399
Teddy_Fresh,2025-06-28,302
Teddy_Fresh,2025-06-29,202
Teddy_Fresh,2025-06-30,144
